{"branches": 86.60714285714286, "coverage": 92.51336898395722}